<?xml version="1.0" encoding="UTF-8"?><rss version="2.0"
	xmlns:content="http://purl.org/rss/1.0/modules/content/"
	xmlns:wfw="http://wellformedweb.org/CommentAPI/"
	xmlns:dc="http://purl.org/dc/elements/1.1/"
	xmlns:atom="http://www.w3.org/2005/Atom"
	xmlns:sy="http://purl.org/rss/1.0/modules/syndication/"
	xmlns:slash="http://purl.org/rss/1.0/modules/slash/"
	
	xmlns:georss="http://www.georss.org/georss"
	xmlns:geo="http://www.w3.org/2003/01/geo/wgs84_pos#"
	>

<channel>
	<title>Giochi Play Station &#8211; Sito videogames woocommerce</title>
	<atom:link href="http://localhost/eserciziowoocommerce2/categoria-prodotto/giochi-play-station/feed/?simply_static_page=1228" rel="self" type="application/rss+xml" />
	<link>./../../../index.html</link>
	<description></description>
	<lastBuildDate>Wed, 22 Mar 2023 14:35:49 +0000</lastBuildDate>
	<language>it-IT</language>
	<sy:updatePeriod>
	hourly	</sy:updatePeriod>
	<sy:updateFrequency>
	1	</sy:updateFrequency>
	<generator>https://wordpress.org/?v=6.1.1</generator>
	<item>
		<title>Hogwarts Legacy</title>
		<link>./../../../prodotto/hogwarts-legacy/index.html</link>
					<comments>./../../../prodotto/hogwarts-legacy/index.html#respond</comments>
		
		<dc:creator><![CDATA[Roberta]]></dc:creator>
		<pubDate>Wed, 22 Mar 2023 14:26:21 +0000</pubDate>
				<guid isPermaLink="false">./../../../index.html?post_type=product#038;p=209</guid>

					<description><![CDATA[Hogwarts Legacy è un coinvolgente gioco di ruolo d'azione open world, ambientato nel magico universo dei libri di Harry Potter. Parti all’avventura attraverso vecchi e nuovi angoli del mondo magico, scopri i suoi animali fantastici, distilla pozioni e padroneggia incantesimi, personalizza il tuo equipaggiamento e accresci i tuoi talenti, diventa il mago o la strega che hai sempre desiderato.]]></description>
										<content:encoded><![CDATA[<p>Hogwarts Legacy è un coinvolgente gioco di ruolo d&#8217;azione open world, ambientato nel magico universo dei libri di Harry Potter. Parti all’avventura attraverso vecchi e nuovi angoli del mondo magico, scopri i suoi animali fantastici, distilla pozioni e padroneggia incantesimi, personalizza il tuo equipaggiamento e accresci i tuoi talenti, diventa il mago o la strega che hai sempre desiderato.</p>
<p>Vivi a Hogwarts nel 1800. Il tuo personaggio è uno studente che possiede la chiave di un antico segreto in grado di distruggere il mondo magico. Forgia alleanze, combatti i Maghi Oscuri e determina il fato del mondo magico. L&#8217;eredità che lascerai dipende solo da te. Scrivi la tua storia.</p>
]]></content:encoded>
					
					<wfw:commentRss>./../../../prodotto/hogwarts-legacy/feed/index.html</wfw:commentRss>
			<slash:comments>0</slash:comments>
		
		
			</item>
		<item>
		<title>Good of war</title>
		<link>./../../../prodotto/good-of-war/index.html</link>
					<comments>./../../../prodotto/good-of-war/index.html#respond</comments>
		
		<dc:creator><![CDATA[Roberta]]></dc:creator>
		<pubDate>Wed, 22 Mar 2023 14:24:45 +0000</pubDate>
				<guid isPermaLink="false">./../../../index.html?post_type=product#038;p=205</guid>

					<description><![CDATA[]]></description>
										<content:encoded><![CDATA[]]></content:encoded>
					
					<wfw:commentRss>./../../../prodotto/good-of-war/feed/index.html</wfw:commentRss>
			<slash:comments>0</slash:comments>
		
		
			</item>
		<item>
		<title>The Last of Us</title>
		<link>./../../../prodotto/the-last-of-us/index.html</link>
					<comments>./../../../prodotto/the-last-of-us/index.html#respond</comments>
		
		<dc:creator><![CDATA[Roberta]]></dc:creator>
		<pubDate>Wed, 22 Mar 2023 10:34:20 +0000</pubDate>
				<guid isPermaLink="false">./../../../index.html?post_type=product#038;p=187</guid>

					<description><![CDATA[In una civiltà senza futuro, dove imperversano infetti e criminali, un uomo ormai segnato dalla vita, Joel, viene ingaggiato per condurre una ragazzina di 14 anni, Ellie, fino a una zona di quarantena militare. Ma quello che in principio sembra un incarico irrilevante, diventa presto un logorante viaggio attraverso gli Stati Uniti.]]></description>
										<content:encoded><![CDATA[<p>In una civiltà senza futuro, dove imperversano infetti e criminali, un uomo ormai segnato dalla vita, Joel, viene ingaggiato per condurre una ragazzina di 14 anni, Ellie, fino a una zona di quarantena militare. Ma quello che in principio sembra un incarico irrilevante, diventa presto un logorante viaggio attraverso gli Stati Uniti.</p>
]]></content:encoded>
					
					<wfw:commentRss>./../../../prodotto/the-last-of-us/feed/index.html</wfw:commentRss>
			<slash:comments>0</slash:comments>
		
		
			</item>
	</channel>
</rss>
