<?xml version="1.0" encoding="UTF-8"?><rss version="2.0"
	xmlns:content="http://purl.org/rss/1.0/modules/content/"
	xmlns:wfw="http://wellformedweb.org/CommentAPI/"
	xmlns:dc="http://purl.org/dc/elements/1.1/"
	xmlns:atom="http://www.w3.org/2005/Atom"
	xmlns:sy="http://purl.org/rss/1.0/modules/syndication/"
	xmlns:slash="http://purl.org/rss/1.0/modules/slash/"
	
	xmlns:georss="http://www.georss.org/georss"
	xmlns:geo="http://www.w3.org/2003/01/geo/wgs84_pos#"
	>

<channel>
	<title>Pc per gaming &#8211; Sito videogames woocommerce</title>
	<atom:link href="http://localhost/eserciziowoocommerce2/categoria-prodotto/pc-per-gaming/feed/?simply_static_page=1223" rel="self" type="application/rss+xml" />
	<link>./../../../index.html</link>
	<description></description>
	<lastBuildDate>Wed, 22 Mar 2023 15:57:36 +0000</lastBuildDate>
	<language>it-IT</language>
	<sy:updatePeriod>
	hourly	</sy:updatePeriod>
	<sy:updateFrequency>
	1	</sy:updateFrequency>
	<generator>https://wordpress.org/?v=6.1.1</generator>
	<item>
		<title>Corsair Ironclaw RGB mouse gaming</title>
		<link>./../../../prodotto/corsair-ironclaw-rgb-mouse-gaming/index.html</link>
					<comments>./../../../prodotto/corsair-ironclaw-rgb-mouse-gaming/index.html#respond</comments>
		
		<dc:creator><![CDATA[Roberta]]></dc:creator>
		<pubDate>Tue, 21 Mar 2023 17:44:52 +0000</pubDate>
				<guid isPermaLink="false">./../../../index.html?post_type=product#038;p=96</guid>

					<description><![CDATA[Unisce un sensore ottico di precisione da 18.000 DPI a un corpo leggero da 105 g e una forma sagomata, scolpita appositamente per una presa palm-grip e per le mani più grandi.]]></description>
										<content:encoded><![CDATA[<p><strong>Corsair Mouse gaming IRONCLAW RGB per FPS/MOBA</strong></p>
<p>Il mouse gaming CORSAIR IRONCLAW RGB unisce un sensore ottico ad elevate prestazioni con precisione da 18.000 DPI a un corpo leggero da 105 g e una forma sagomata e resistente, scolpita appositamente per una presa palm-grip e per le mani più grandi. Il potente software CORSAIR iCUE consente di regolare con precisione la sensibilità con intervalli di 1 DPI, oltre a personalizzare i sette pulsanti programmabili con macro o mappature dei tasti che ti avvantaggiano nel gioco. Il software iCUE sblocca anche il controllo dell&#8217;illuminazione RGB a doppia area, consentendoti di sincronizzare istantaneamente l&#8217;illuminazione su tutti i dispositivi CORSAIR dotati di compatibilità iCUE, dall&#8217;illuminazione del mouse a quella del case e molto altro. Grazie al grado elevatissimo di precisione personalizzabile, con il CORSAIR IRONCLAW RGB potrai giocare ancora più intensamente: la vittoria è a un passo.</p>
]]></content:encoded>
					
					<wfw:commentRss>./../../../prodotto/corsair-ironclaw-rgb-mouse-gaming/feed/index.html</wfw:commentRss>
			<slash:comments>0</slash:comments>
		
		
			</item>
		<item>
		<title>Corsair Virtuoso RGB Wireless</title>
		<link>./../../../prodotto/corsair-virtuoso-rgb-wireless-bianco/index.html</link>
					<comments>./../../../prodotto/corsair-virtuoso-rgb-wireless-bianco/index.html#respond</comments>
		
		<dc:creator><![CDATA[Roberta]]></dc:creator>
		<pubDate>Tue, 21 Mar 2023 17:27:08 +0000</pubDate>
				<guid isPermaLink="false">./../../../index.html?post_type=product#038;p=88</guid>

					<description><![CDATA[Sfrutta un’esperienza audio straordinaria grazie all’incredibile gamma di frequenza da 20 Hz-40.000 Hz, doppia rispetto alle cuffie gaming tradizionali. Tutti i suoni, dalle esplosioni più fragorose alle note musicali più impercettibili, vengono riprodotti con una chiarezza, definizione e qualità straordinarie.]]></description>
										<content:encoded><![CDATA[<h2 class="smal-mb-4 md:smal-mb-8 smal-w-full smal-text-center"><strong>INTERVALLO DI FREQUENZA ESTESO</strong></h2>
<p class="smal-text-block__text md:text-xl text-sm leading-5 md:leading-9 smal-w-full smal-text-center">Sfrutta un’esperienza audio straordinaria grazie all’incredibile gamma di frequenza da 20 Hz-40.000 Hz, doppia rispetto alle cuffie gaming tradizionali. Tutti i suoni, dalle esplosioni più fragorose alle note musicali più impercettibili, vengono riprodotti con una chiarezza, definizione e qualità straordinarie.</p>
<h2 class="smal-text-block__text md:text-xl text-sm leading-5 md:leading-9 smal-w-full smal-text-center"><strong>AUDIO ECCEZIONALE</strong></h2>
<p class="md:smal-text-left smal-text-block__text md:text-xl text-sm leading-5 md:leading-9">Sfrutta un’esperienza audio ad alta fedeltà grazie alla modalità di connessione wireless da 24 bit e l&#8217;USB via cavo, che offrono una qualità sonora senza confronto, per consentirti di riprodurre le fonti audio compatibili con maggiore dettaglio e profondità.</p>
<h2 class="md:smal-text-left smal-mb-4 md:smal-mb-8 smal-text-black"><strong>MICROFONO RIMOVIBILE PER IL BROADCAST</strong></h2>
<p class="md:smal-text-left smal-text-black smal-text-block__text md:text-xl text-sm leading-5 md:leading-9">Il microfono omnidirezionale con larghezza di banda elevata di VIRTUOSO RGB Wireless ti offre una vasta larghezza di banda e una nitidezza vocale straordinaria in grado di rivaleggiare con i microfoni professionali, ed è completamente rimovibile con un indicatore LED RGB per indicare lo stato attivo e mute.</p>
]]></content:encoded>
					
					<wfw:commentRss>./../../../prodotto/corsair-virtuoso-rgb-wireless-bianco/feed/index.html</wfw:commentRss>
			<slash:comments>0</slash:comments>
		
		
			</item>
		<item>
		<title>Corsair iCrue 5000XT</title>
		<link>./../../../prodotto/case-da-gaming/index.html</link>
					<comments>./../../../prodotto/case-da-gaming/index.html#respond</comments>
		
		<dc:creator><![CDATA[Roberta]]></dc:creator>
		<pubDate>Tue, 21 Mar 2023 09:53:16 +0000</pubDate>
				<guid isPermaLink="false">./../../../index.html?post_type=product#038;p=13</guid>

					<description><![CDATA[<div>
<p id="product-overview">Il profilo sagomato e i 208 LED RGB regolabili singolarmente di CORSAIR iCUE 5000T RGB donano al tuo sistema un aspetto inconfondibile, mentre CORSAIR RapidRoute e l'ampio spazio interno semplificano l'assemblaggio.</p>
&#160;

</div>]]></description>
										<content:encoded><![CDATA[<h2 class="smal-mb-4 md:smal-mb-8 smal-w-full smal-text-center"><strong>FATTI RICORDARE</strong></h2>
<p>5000T RGB vanta uno stile e un design esclusivi che lasceranno tutti a bocca aperta. Infatti, il profilo inconfondibile e i lineamenti definiti, insieme al sistema completo di illuminazione RGB integrata, rendono questo case unico e inimitabile.</p>
<div class="md:smal-w-7/12 smal-text-block smal-text-center smal-text-fade">
<div class="smal-text-fade-inner smal-text-active">
<h2 class="md:smal-text-left smal-mb-4 md:smal-mb-8"><strong>UNO SPETTACOLO DI LUCI </strong></h2>
<p class="md:smal-text-left smal-text-block__text md:smal-text-xl smal-text-sm smal-leading-5 md:smal-leading-9">Di&#8217; addio ai momenti spenti immergendoti nell&#8217;illuminazione multizona prodotta da 160 LED RGB integrati nel pannello anteriore, superiore e inferiore, e 48 LED inclusi nelle ventole in dotazione.</p>
<h2 class="md:smal-text-left smal-text-block__text md:smal-text-xl smal-text-sm smal-leading-5 md:smal-leading-9"><strong>MASSIMO POTENZIALE DI RAFFREDDAMENTO</strong></h2>
</div>
<div class="smal-text-fade-inner smal-text-active">
<p>Lo spazio interno è così ampio che puoi installare fino a 10 ventole da 120 mm o 4 da 140 mm, oltre a un radiatore da 360 mm con ventole di 60 mm di spessore nella parte anteriore o laterale e uno da 360 mm con ventole di 85 mm di spessore nella parte superiore.</p>
</div>
</div>
<div class="choices-wrap smal-flex md:smal-block smal-flex-1 smal-flex-col smal-justify-between">
<div class="smal-mx-auto md:smal-mx-0"></div>
</div>
]]></content:encoded>
					
					<wfw:commentRss>./../../../prodotto/case-da-gaming/feed/index.html</wfw:commentRss>
			<slash:comments>0</slash:comments>
		
		
			</item>
	</channel>
</rss>
